Cnvrted ICP worksheet,https://www.cnvrted.com/learn/ideal-customer-profile,,
Examples are fictional. Use your own research to validate your profile.,,,
Field,Prompt,Your answer,Worked example: design studio
Problem and outcome,"What recurring problem can you solve, and what would improve?",,Help self-serve B2B software teams improve the journey from signup to first value.
Company characteristics,"Which business model, size, and location can you serve well?",,B2B software companies in India with 20–200 employees.
Operating requirements,What must already be true for your offer to work?,,A live self-serve product and a team able to implement design changes.
Exclusions,Which conditions make the account unsuitable?,,Exclude businesses without a live product or those seeking only a permanent hire.
People to learn from,"Which roles own the problem, and who else influences the decision?",,Start with the Head of Product; confirm the decision process rather than assuming it.
Evidence and unknowns,"What supports each criterion, and what still needs a conversation?",,Check the company site and product signup. Record source and review date; ask about budget and outside support.
Revision date,When did you last review this profile?,,
Reason for revision,What evidence changed your thinking?,,
